개체1,액션1,감정1,URL
"최민수,권총",,,https://jjalbang.today/files/jjalbox/2015/03/85_55169c8522e98_1104.jpg
최민수,나대,,https://jjalbang.today/files/jjalbox/2015/03/90_55169be836487_2752.jpg
"최민수, 허세",부리,,https://jjalbang.today/files/jjalbox/2015/04/20150402_551cd9aaacbf2.jpg
"최민수, 기운",,공포,http://image.fmkorea.com/files/attach/new/20161105/486616/403814545/500519276/09c712bccc121896e3d9325c22575cba.PNG
"최민수, 웃음",웃,행복,https://image.xportsnews.com/contents/images/upload/article/2017/0717/1500270532825073.jpg
"최민수, 웨딩드레스",,,http://file3.instiz.net/data/file3/2018/03/16/1/b/3/1b3e9717110340230e231557e20b3b09.jpg
"최민수, 화생방, 선글라스",,,https://file1.bobaedream.co.kr/strange/2019/06/20/06/ddoo1560979197.gif
"최민수, 상처, 절규",,,https://ohfun.net/contents/article/images/2019/0201/1549000316896142.jpg
"최민수, 눈물",,슬픔,http://file3.instiz.net/data/file3/2020/03/14/6/f/b/6fbb7943b3ef1f471b16c5fed25772aa.gif
"정보석, 권총",,,https://jjalbang.today/files/jjalbox/2018/08/20180829_5b8580479900c.jpg
"개구리, 눈물, 권총",,,https://jjalbang.today/files/jjalbox/2015/11/20151123_5652ba4423fc9.png
"전광렬, 권총",,,https://jjalbang.today/files/jjalbox/2015/11/20151109_56408119755b6.jpg
"에비츄, 눈물","울, 파묻히, 묻히",슬픔,https://jjalbang.today/files/jjalbox/2017/12/20171209_5a2ad145ebf54.gif
"에비츄, 눈물","울, 짠하, 안타깝",슬픔,https://jjalbang.today/files/jjalbox/2016/08/20160818_57b542341b63f.jpg
"에비츄, 눈물","기어가, 귀엽",슬픔,https://jjalbang.today/files/jjalbox/2016/08/20160818_57b5426a26694.gif
"에비츄, 문","서운, 섭섭",,https://jjalbang.today/files/jjalbox/2020/10/20201031_5f9d63cc61901.jpeg
"에비츄, 당황",놀라,놀람,https://jjalbang.today/files/jjalbox/2015/03/89_55169e24c389e_1599.png
"에비츄, 투정","열, 부리",슬픔,https://jjalbang.today/files/jjalbox/2020/09/20200913_5f5dfec85f7e7.gif
"에비츄, 먹방, 폭식, 다이어트",먹,,https://jjalbang.today/files/jjalbox/2020/09/20200921_5f68ccc551abf.gif
"에비츄, 잠","자, 일어나, 깨",,https://jjalbang.today/files/jjalbox/2016/08/20160818_57b5428f94d55.gif
"싸대기, 공부, 뺨",,분노,https://jjalbang.today/files/jjalbox/2021/12/20211227_61c96670b80e3.jpg
"무한도전, 무도, 유재석",지치,,https://jjalbang.today/files/jjalbox/2021/12/20211227_61c95eebefcb0.gif
"무한도전, 무도, 하하, 거짓말, 허언",,,https://jjalbang.today/files/jjalbox/2021/12/20211226_61c822109151b.jpg
"성동일, 의문","황당, 내가?, 왜?",,https://jjalbang.today/files/jjalbox/2021/12/20211226_61c82144a4778.jpg
"전현무, 융통성, 답답",없,,https://jjalbang.today/files/jjalbox/2021/12/20211226_61c82059e4fba.jpg
"정준하, 무도, 무한도전","열받. 빡, 웃지마",분노,https://jjalbang.today/files/jjalbox/2021/12/20211226_61c81fc47e64d.jpg
웃음,웃,,https://jjalbang.today/files/jjalbox/2021/12/20211226_61c81f8fc0894.gif
"레오나르도, 디카프리오, 레오나르도 디카프리오, 한잔",,,https://jjalbang.today/files/jjalbox/2021/12/20211203_61aa87e76f84e.jpg
"이경영,진행시켜",,,https://jjalbang.today/files/jjalbox/2021/11/20211123_619d0e55b5baf.jpg
"개비스콘, 해소, 스트레스, 만능짤",답답,,https://jjalbang.today/files/jjalbox/2021/11/20211103_61823a4fbac8b.gif
"무한도전, 무도, 하하",못마땅,혐오,https://jjalbang.today/files/jjalbox/2021/10/20211029_617bba57115dc.gif
"춤, 신남",흥겹,행복,https://jjalbang.today/files/jjalbox/2021/10/20211019_616ed805bad69.gif
"춤, 신남, 고개",,행복,https://jjalbang.today/files/jjalbox/2021/10/20211019_616ed670420e4.gif
"심영, 야인시대, 고자, 고자라니",,슬픔,https://jjalbang.today/files/jjalbox/2015/03/92_55169efbbd1a6_2659.gif
"노잼, 관객, 야인시대, 지루",,중립,https://jjalbang.today/files/jjalbox/2021/10/20211019_616ed0a0e5137.jpg
"아다치, 비웃음",,,https://jjalbang.today/files/jjalbox/2021/10/20211019_616ec9ef60131.gif
"고구마, 모죠, 모죠의 일지, 웹툰",답답,,https://jjalbang.today/files/jjalbox/2021/10/20211019_616ec92d5bd03.jpg
"모죠, 모죠의 일지, 웹툰, 기절",약오르,,https://jjalbang.today/files/jjalbox/2021/10/20211019_616ec875d2f37.jpg
"홍준표, 홍카콜라",시무룩,,https://jjalbang.today/files/jjalbox/2021/10/20211013_61676829eeb9c.gif
"홍준표, 홍카콜라",놀라,,https://jjalbang.today/files/jjalbox/2021/10/20211013_6167682041921.gif
아이유,"안사요, 꺼지",,https://jjalbang.today/files/jjalbox/2021/10/20211011_6163b7d97ba99.gif
"혜리, ㅅㅂ, 식빵, 욕, ㅆㅂ","열받, 닥치",분노,https://jjalbang.today/files/jjalbox/2021/10/20211008_615fb7598857a.gif
"전재산, 거지",돈없어,,https://jjalbang.today/files/jjalbox/2021/10/20211007_615ec6afcb686.jpg
"친구비, 친구비용",,,https://jjalbang.today/files/jjalbox/2021/10/20211007_615ea40d21776.jpg
"김성균, 사장님, 응답하라",아이고,,https://jjalbang.today/files/jjalbox/2021/10/20211007_615e9e7344204.gif
"아가리, 침묵",,,https://jjalbang.today/files/jjalbox/2021/10/20211005_615bedefdfce1.jpg
"전광렬, 행복, 크림빵",,행복,https://jjalbang.today/files/jjalbox/2021/10/20211001_615678e57105e.gif
"전광렬, 화나","답답, 열받",,https://jjalbang.today/files/jjalbox/2021/10/20211001_61567099ebdac.gif
"전광렬, 분노, 화나",죽,분노,https://jjalbang.today/files/jjalbox/2021/10/20211001_615676cd7ee4a.gif
"황정민, 두통, 분노, 화나, 신세계","답답, 열받",,https://jjalbang.today/files/jjalbox/2021/10/20211001_61566ff266649.gif
"고독, 청승, 혼자",,,https://jjalbang.today/files/jjalbox/2021/09/20210925_614f08322792f.gif
"주식, 병나발, 소주병, 코인, 천호진, 비트코인","망하, 떡락",,https://jjalbang.today/files/jjalbox/2021/09/20210923_614c9c7b2e2b5.gif
"얼굴, 무도, 무한도전","못생기, 놀리",,https://jjalbang.today/files/jjalbox/2021/09/20210923_614c2061ac346.jpg
"ㅅㅂ, 식빵, 욕, ㅆㅂ",꺼지,,https://jjalbang.today/files/jjalbox/2021/09/20210923_614c1971c152c.gif
"코난, 조준, 시계, 정조누, 명탐정",,,https://jjalbang.today/files/jjalbox/2021/09/20210916_61437757015bd.jpg
"귀귀, 만화","흐뭇, 그윽",,https://jjalbang.today/files/jjalbox/2021/09/20210921_614a0d9f07e35.jpeg
"짱구, 기쁨","흐뭇, 좋, 기쁘",행복,https://jjalbang.today/files/jjalbox/2021/09/20210916_6143763f38b04.gif
"오늘, 여기까지, 유재석, 무도, 무한도전",그만,,https://jjalbang.today/files/jjalbox/2021/09/20210916_614375bacb639.jpg
가면라이더,"뚫어지, 쳐다보",,https://jjalbang.today/files/jjalbox/2021/09/20210913_613eec538195c.jpg
"손현주, 비트코인, 코인, 거지, 담배, 파산",,,https://jjalbang.today/files/jjalbox/2021/08/20210813_611608b5a1611.gif
"박진영, 중성화수술, 중성, 수술, 넥카라",,,https://jjalbang.today/files/jjalbox/2021/06/20210629_60dac5d3bc3d7.jpg
"무한도전, 무도, 정준하, 주먹",,,https://jjalbang.today/files/jjalbox/2021/06/20210623_60d30c6644c7b.jpg
"약속, 다이어트, 돼지",뚱뚱,,https://jjalbang.today/files/jjalbox/2021/06/20210623_60d31160a255d.jpg
"강호, 도리,",어이없,,https://jjalbang.today/files/jjalbox/2021/06/20210625_60d57fdde1573.jpg
성동일,"저요, 손들",,https://jjalbang.today/files/jjalbox/2021/06/20210628_60d9a1a7864e0.jpg
"공부, 다짐, 결심",,,https://jjalbang.today/files/jjalbox/2021/06/20210616_60c9a85c04cb8.png
"분노, 화남, 김래원, 해바라기","후련, 가져가",,https://jjalbang.today/files/jjalbox/2021/06/20210615_60c852566ea37.jpg
"똥, 기계",만들,,https://jjalbang.today/files/jjalbox/2021/06/20210616_60c9af4e65aee.jpg
"일론머스크, 엄지, 비트코인, 코인",,,https://jjalbang.today/files/jjalbox/2021/06/20210616_60ca1b4168f46.jpg
"일론머스크, 도지, 비트코인, 코인, 도지코인",,,https://jjalbang.today/files/jjalbox/2021/06/20210616_60ca1b7d96dbd.jpg
"입, 무한도전, 무도, 유재석, 정준하,","다물, 닫",,https://jjalbang.today/files/jjalbox/2021/06/20210620_60cf607221292.jpg
"박명수, 무도, 무한도전,","좋아하, 척하",,https://jjalbang.today/files/jjalbox/2021/06/20210620_60cf614770b2c.jpg
"눈동자, 건배, 술잔, 술",,,https://jjalbang.today/files/jjalbox/2021/06/20210621_60d036f9096d9.jpeg
"박진영, jyp, 건배, 술잔, 술, 남친짤",,,https://jjalbang.today/files/jjalbox/2021/06/20210621_60d038180de55.jpg
,"예쁘, 다냐",,https://jjalbang.today/files/jjalbox/2021/06/20210621_60d07a902f883.jpg
"키스, 순간, 맨솔, 멘솔","알, 펴",,https://jjalbang.today/files/jjalbox/2021/06/20210621_60d080246b6f9.jpg
"처음, 광경,","깜놀, 보, 신기, 황당",놀람,https://jjalbang.today/files/jjalbox/2021/06/20210623_60d29fe6071ce.jpg
"원숭이, 담배, 흡연",펴,,https://jjalbang.today/files/jjalbox/2021/06/20210623_60d2a2eee5147.jpg
"놀람, 감동, 원숭이","입틀막, 말잇못",중립,https://jjalbang.today/files/jjalbox/2021/06/20210623_60d2a225a9c30.jpg
"무한도전, 무도, 유재석, ?, 물음표, 의문","놀라, 뭐야",,https://jjalbang.today/files/jjalbox/2021/06/20210623_60d2eec410f33.jpg
"안선생님, 슬램덩크, 성장",않았,,https://jjalbang.today/files/jjalbox/2021/06/20210623_60d2f0ee6cbb0.jpg
"강아지, 개","기다려, 안절부절",,https://jjalbang.today/files/jjalbox/2021/06/20210623_60d2f2c8010ec.gif
"기안84, 기안, 분노, 양치, 양치질, 나혼자산다, 나혼산, 샤워",벅벅,,https://jjalbang.today/files/jjalbox/2021/06/20210612_60c4ce30a9b5b.gif
"마동석, 오레오, 까불지마","못죽일, 죽고싶",분노,https://jjalbang.today/files/jjalbox/2021/06/20210612_60c4b836d5715.jpg
"마동석, 관속, 매장","죽고싶, 뒤지",분노,https://jjalbang.today/files/jjalbox/2021/06/20210612_60c4b74ee7208.jpg
"나혼자산다, 나혼산, 장도연, 피곤, 짜증",,,https://jjalbang.today/files/jjalbox/2021/06/20210612_60c4d7d0c5a0a.jpg
강호동,웃,,https://jjalbang.today/files/jjalbox/2021/06/20210612_60c4de716f162.jpg
"퇴사, 사퇴, 회사, 강동원, 사직서","해보, 그만두",,https://jjalbang.today/files/jjalbox/2021/06/20210615_60c840e28112c.jpg
"도라에몽, 노력, 부족, 공부, 시험",,,https://jjalbang.today/files/jjalbox/2021/06/20210616_60c9aa7a1bc31.jpg
"월요일, 주말, 일요일, 일요, 병, 월요병, 출근, 직장인, 순삭",,,https://jjalbang.today/files/jjalbox/2021/06/20210616_60c9b637f01a0.jpg
"야근, 무한상사, 회사, 퇴근, 유재석, 무한도전, 무도",못,,https://jjalbang.today/files/jjalbox/2021/06/20210616_60c9b6a35c8d2.png
"입틀막, 깜놀, 충격, 조보아, 골목식당",깜짝,놀람,https://jjalbang.today/files/jjalbox/2021/06/20210623_60d2d9afd76d8.gif
"피타고라스, 명언",답이없다,,https://jjalbang.today/files/jjalbox/2021/06/20210623_60d2ee7cae110.jpg
"로딩, 버퍼링, 생각중",,,https://jjalbang.today/files/jjalbox/2021/06/20210623_60d2f21a8b303.gif
"장풍, 목사, 사이비, 손짓",,,https://jjalbang.today/files/jjalbox/2021/06/20210623_60d310bc973e5.gif
"분노조절장애, 분노, 화난, 화남, 대륙, 꼬마",빡침,"분노, 혐오",https://jjalbang.today/files/jjalbox/2021/06/20210629_60daccbeef251.gif
이마,"탁, 세상에, 맙소사, 어휴, 에휴",,https://jjalbang.today/files/jjalbox/2021/07/20210708_60e67a0fd3770.gif
혐오,"한심, 답답, 싫",혐오,https://jjalbang.today/files/jjalbox/2021/07/20210723_60fa69b9b1543.gif
"흰둥이, 강아지, 개, 인생",,,https://jjalbang.today/files/jjalbox/2021/09/20210916_6143768c4171b.jpg
,"왜저래, 왜저랩, 뭐래, 뭐냐",,https://jjalbang.today/files/jjalbox/2021/06/20210610_60c1cf3ad1baa.jpg
"놀람, 공포, 무서움, 깜놀",무섭,"공포, 놀람",https://jjalbang.today/files/jjalbox/2018/01/20180101_5a49ca34d8046.jpg
"심쿵, 심장, 충격, 강제심쿵, 할아버지",두근,,https://jjalbang.today/files/jjalbox/2015/03/89_55169a06c40a4_2933.jpg
"심쿵, 심장, 충격, 강제심쿵, 하트, 토끼",두근,,https://jjalbang.today/files/jjalbox/2015/03/89_55169a07ec28a_2934.png
"소린지, 소리, 공부, 시험, 수업",모르,,https://jjalbang.today/files/jjalbox/2016/09/20160909_57d19692d7fd0.jpg
"덜덜, ㄷㄷ, ㄷㄷㄷ, 귀귀",무섭,공포,https://jjalbang.today/files/jjalbox/2018/09/20180912_5b98b22d350f7.gif
"무한도전, 무도, 유재석, 소름",깜놀,공포,https://jjalbang.today/files/jjalbox/2016/08/20160812_57adbf8028661.jpg
"짱구, 사과, 인사","꾸벅, 죄송",,https://jjalbang.today/files/jjalbox/2021/09/20210916_61437609dc2ef.gif
"김수미, 소주, 술, 병나발",마시,,https://jjalbang.today/files/jjalbox/2021/09/20210923_614c177dc6ccf.jpg
"짱구, 침","흘리, 추릅, 츄릅, 맛있",,https://jjalbang.today/files/jjalbox/2021/10/20211005_615c1712e1f2a.jpg
"고양이, 표정","놀라, 놀랍, 깜짝",놀람,https://jjalbang.today/files/jjalbox/2015/03/89_55169e33ed706_1583.jpg
"무한도전, 노홍철, 밥, 상남자",,,https://jjalbang.today/files/jjalbox/2016/08/20160818_57b565b21de23.jpg
"무한도전, 박명수, 분노",,분노,https://jjalbang.today/files/jjalbox/2016/08/20160821_57b9613118cc0.jpg
"무한도전, 절, 감사",,,https://jjalbang.today/files/jjalbox/2017/12/20171216_5a34e4542e9bb.jpg
"휴대폰, 행복",,행복,https://jjalbang.today/files/jjalbox/2018/01/20180117_5a5f2a38e3862.gif
"환호,남자",,행복,https://jjalbang.today/files/jjalbox/2015/04/20150418_5532177d73df6.png
"미니언즈, 박수, 환호",,행복,https://jjalbang.today/files/jjalbox/2017/12/20171231_5a4886431a9a5.gif
"전광렬, 산삼, 허준, 약초",,,https://jjalbang.today/files/jjalbox/2016/09/20160902_57c9241d84ca1.jpg
"생일,파티",,행복,https://jjalbang.today/files/jjalbox/2015/03/86_55169d1619808_1135.gif
"군대, 군인, 과자, 몽쉘, 행복",,행복,https://jjalbang.today/files/jjalbox/2020/09/20200916_5f620b5534756.jpg
짱구,뒹굴,,https://jjalbang.today/files/jjalbox/2021/09/20210916_6143763f38b04.gif
"여자, 분노",,분노,https://jjalbang.today/files/jjalbox/2016/08/20160814_57af46a9d1eab.gif
"김정은, 분노",,분노,https://jjalbang.today/files/jjalbox/2016/10/20161028_5812de329a445.gif
"이승윤, 자연인",,혐오,https://jjalbang.today/files/jjalbox/2017/12/20171207_5a28ebb4cba93.jpg
"나문희,호박,고구마",,,https://jjalbang.today/files/jjalbox/2016/08/20160812_57ad644c62b0f.jpg
"추노, 고구마, 장혁",,슬픔,https://jjalbang.today/files/jjalbox/2015/03/93_55169f483fb2f_2422.jpg
"전광렬, 눈물, 빵",,슬픔,https://jjalbang.today/files/jjalbox/2015/03/108_55169b71d8459_2801.jpg
"유병재, 안습",,슬픔,https://jjalbang.today/files/jjalbox/2019/01/20190110_5c36f4be20b70.jpg
단비,삐지,,https://jjalbang.today/files/jjalbox/2019/03/20190325_5c98461d35828.gif
"심슨, 눈물",,슬픔,https://jjalbang.today/files/jjalbox/2018/01/20180117_5a5f3162af6a5.gif
"아이유, 눈물",,슬픔,https://jjalbang.today/files/jjalbox/2018/06/20180619_5b290b83e1253.gif
"짱구, 엄마, 화남",,분노,https://jjalbang.today/files/jjalbox/2015/03/20150330_5519312e0a02a.jpg
공포,놀라,놀람,https://jjalbang.today/files/jjalbox/2018/01/20180101_5a49ca34d8046.jpg
"식은땀, 공포",놀라,놀람,https://jjalbang.today/files/jjalbox/2018/01/20180118_5a600b53d55fc.gif
"장윤정, 혐오",,혐오,https://jjalbang.today/files/jjalbox/2016/03/20160322_56f0f11774af2.gif
"아이유, 화남",빡침,분노,https://jjalbang.today/files/jjalbox/2018/03/20180331_5abf316d439bb.gif
혐오,,혐오,https://jjalbang.today/files/jjalbox/2015/03/85_55169cd28f031_1001.jpg
"탈락, 혐오",,혐오,https://jjalbang.today/files/jjalbox/2016/08/20160817_57b4685c1b569.jpg
"박미선, 혐오",,혐오,https://jjalbang.today/files/jjalbox/2016/08/20160830_57c52c0e0627a.jpg
"노홍철, 무한도전, 혐오",,혐오,https://jjalbang.today/files/jjalbox/2018/01/20180109_5a5465a14bca1.jpg
몬스터주식회사,,,https://jjalbang.today/files/jjalbox/2020/11/20201116_5fb23c80a40d8.png
"중립, 기어",,,https://jjalbang.today/files/jjalbox/2021/06/20210605_60bb4d95d7853.png
"김정은,박수",,,https://jjalbang.today/files/jjalbox/2016/11/20161111_58248f5bbdfba.gif
아이유,"웃, 빵터짐",행복,https://jjalbang.today/files/jjalbox/2015/06/20150629_559093c55bf53.jpg
개판,,,https://jjalbang.today/files/jjalbox/2016/08/20160820_57b8204d025fc.jpg
"마동석,진실의방",,,https://jjalbang.today/files/jjalbox/2017/12/20171212_5a2eafc1915f0.jpg
마동석,말리지마,,https://jjalbang.today/files/jjalbox/2017/12/20171212_5a2eafc1915f0.jpg
유재석,지치,,https://jjalbang.today/files/jjalbox/2021/12/20211227_61c95eebefcb0.gif
"마동석,슬리퍼,싸다구",,분노,https://jjalbang.today/files/jjalbox/2020/09/20200915_5f60ababe5098.gif
"야구,낙시",깜놀,,https://jjalbang.today/files/jjalbox/2021/12/20211227_61c961bb05b9c.gif
"권총, 오징어게임",,,https://jjalbang.today/files/jjalbox/2021/10/20211005_615befadb8b8a.gif
,웃어?,,https://jjalbang.today/files/jjalbox/2021/12/20211226_61c81f8fc0894.gif
"김동현,혼인신고",,,https://jjalbang.today/files/jjalbox/2021/10/20211020_616f853c3e135.jpg
"가즈아,최민식",,,https://jjalbang.today/files/jjalbox/2017/12/20171218_5a376dc1949cb.jpg
,열받,분노,https://jjalbang.today/files/jjalbox/2015/03/92_55169f027c6b8_1872.jpg
"김사랑, 여자",예쁜,,https://jjalbang.today/files/jjalbox/2017/12/20171220_5a3a78f10b504.gif
여자,"덥,더워",,https://jjalbang.today/files/jjalbox/2017/12/20171217_5a363765aa512.gif
"쓰레기, 봉투",,,https://jjalbang.today/files/jjalbox/2015/04/20150407_5523744a67cf8.png
"쓰레기, 심슨",,,https://jjalbang.today/files/jjalbox/2016/08/20160821_57b94bb87320c.jpg
"깐부, 오징어게임, 오일남",,,https://jjalbang.today/files/jjalbox/2021/11/20211103_61822c561331b.jpg
"무궁화 꽃이 피었습니다, 오징어 게임",,,https://jjalbang.today/files/jjalbox/2021/09/20210930_6155edbf8e200.gif
"병진이형, 해바라기, 오태식",,,https://jjalbang.today/files/jjalbox/2021/10/20211024_6174f451a9c36.gif
"이병헌, 흑역사, 춤",,,https://jjalbang.today/files/jjalbox/2017/12/20171209_5a2b58adec04a.gif
"라이언,춤",,,https://jjalbang.today/files/jjalbox/2018/09/20180920_5ba2fb04ccfca.gif
편안,"답답,답답하다",,https://jjalbang.today/files/jjalbox/2016/10/20161011_57fc916a9fb25.jpg
,개허탈,,https://jjalbang.today/files/jjalbox/2015/04/20150403_551e654b5268b.jpg
"마동석,망치,오함마",,,https://jjalbang.today/files/jjalbox/2015/03/90_55169b74b8aab_2804.png
멱살,,,https://jjalbang.today/files/jjalbox/2015/03/90_55169e9b84d69_2525.jpg
"멘붕,좌절,짜증",답답,,https://jjalbang.today/files/jjalbox/2015/03/92_55169b46a1a76_2833.jpg
"지랄, 한석규,ㅈㄹ",,,https://jjalbang.today/files/jjalbox/2015/03/90_55169e772b4f8_2641.gif
"지랄, 염병",,분노,https://jjalbang.today/files/jjalbox/2015/03/90_55169c2a5dfe2_2668.jpg
"미안,죄송",,,https://jjalbang.today/files/jjalbox/2015/03/106_5516a367c86bf_2545.jpg
"미안,죄송",,,https://jjalbang.today/files/jjalbox/2015/03/106_5516a36664886_2547.jpg
"트럭,여고생,미안,죄송",,,https://jjalbang.today/files/jjalbox/2020/09/20200929_5f72e1790cde4.jpg
"ㅗ,뻐큐,송강호",,,https://jjalbang.today/files/jjalbox/2015/03/90_55169e8f0d455_2508.jpg
"입, 입술, 닥쳐",,,https://jjalbang.today/files/jjalbox/2016/08/20160812_57adc3d7550b9.jpg
해리포터,빡침,,https://jjalbang.today/files/jjalbox/2015/03/85_55169cac3a9d6_1063.gif
"백종원, 맛",,,https://jjalbang.today/files/jjalbox/2017/12/20171224_5a3f318a020bf.jpg
"박명수, 좌절",,슬픔,https://jjalbang.today/files/jjalbox/2016/09/20160912_57d65502e8f83.jpg
개구리,엄지척,,https://jjalbang.today/files/jjalbox/2015/11/20151123_5652bae3d2fd5.jpg
"귀귀,노답,절레",,,https://jjalbang.today/files/jjalbox/2017/12/20171221_5a3a84756af8e.jpg
"젖소,졋소",,,https://jjalbang.today/files/jjalbox/2016/08/20160822_57ba60f9c5d45.jpg
"참을인,인내",참자,,https://jjalbang.today/files/jjalbox/2016/08/20160812_57adc25f64143.jpg
유재석,개좋아,,https://jjalbang.today/files/jjalbox/2015/08/20150818_55d20da963036.jpg
유재석,열받,,https://jjalbang.today/files/jjalbox/2015/03/85_55169cbbe7a16_1039.jpg
"홍진경,무한도전,거짓말",,,https://jjalbang.today/files/jjalbox/2020/09/20200915_5f60c3dbc5b0f.jpg
"무한도전,사이코패스",,,https://jjalbang.today/files/jjalbox/2016/08/20160820_57b83c9d84e66.jpg
"노홍철,무한도전,아닌데",,,https://jjalbang.today/files/jjalbox/2015/04/20150402_551d430195f47.jpg
"야나두,조정석",,,https://i2.ruliweb.com/img/18/03/29/1627014b6981f74ea.jpg
"주이,트로피카나",,,https://cdn.jjalbot.com/2018/12/YHONEwpZ5X/zzal.gif
"입틀막,크리스탈",,,http://file.instiz.net/data/file/20140123/f/9/7/f9750fb268583355dd0e6f535e37005a.jpg
"안녕, 퇴사",,,https://blog.kakaocdn.net/dn/ct1hgJ/btqC6mkJ1kL/pzkOVMfSuCYXmSaWgSWdr1/img.jpg
"누구인가, 궁예",,,https://img.theqoo.net/img/XyVWt.jpg
"최준석, 오예스",,,https://upload3.inven.co.kr/upload/2020/05/15/bbs/i014131782129.gif
"검정고무신, 할머니, 웃음",웃,,https://jjalbang.today/files/jjalbox/2022/01/20220101_61cfd79f22c21.jpg
"검정고무신, 할머니, 화남, 등짝, 스매싱",맞,분노,https://jjalbang.today/files/jjalbox/2022/01/20220101_61cfd6833ce01.jpeg
"검정고무신, 할머니, 눈물, 걱정",,슬픔,https://jjalbang.today/files/jjalbox/2022/01/20220101_61cfd76ed8dbc.jpg
"검정고무신, 할머니, 화남",열받,분노,https://jjalbang.today/files/jjalbox/2022/01/20220101_61cfd657914fc.jpg
"검정고무신, 할아버지, 용돈",,,https://jjalbang.today/files/jjalbox/2022/01/20220101_61cfd6efcaadf.png
"카카오, 라이언, 응원",,,https://jjalbang.today/files/jjalbox/2016/12/20161208_5849119d044a3.gif
"카카오, 라이언, 인사, 안녕",,,https://jjalbang.today/files/jjalbox/2017/12/20171219_5a3894892e649.gif
"카카오, 라이언, 축하",,,https://jjalbang.today/files/jjalbox/2017/12/20171219_5a3894e7db80b.gif
"카카오, 라이언, 따봉, 굿, 엄지척",좋,,https://jjalbang.today/files/jjalbox/2018/09/20180920_5ba2fae2c20e7.gif
"카카오, 라이언, 기쁨","신나, 좋",행복,https://jjalbang.today/files/jjalbox/2018/09/20180920_5ba2fb04ccfca.gif
"카카오, 라이언, 뽀뽀, 입술, 사랑, 하트",,,https://jjalbang.today/files/jjalbox/2018/09/20180920_5ba2faf231e8d.gif
"카카오, 라이언, 눈물",울,슬픔,https://jjalbang.today/files/jjalbox/2018/09/20180920_5ba2fac208ae5.gif
"카카오, 라이언, 복, 새해, 복주머니",,,https://jjalbang.today/files/jjalbox/2020/12/20201231_5fed6da64bc86.jpeg
"카카오, 무지, 눈빛",초롱초롱,,https://jjalbang.today/files/jjalbox/2017/12/20171219_5a38952573fdf.gif
"카카오, 추석, 한가위",,,https://jjalbang.today/files/jjalbox/2018/09/20180923_5ba6c5d6dc555.jpg
"카카오, 무지, 추석, 한가위",,,https://jjalbang.today/files/jjalbox/2018/09/20180923_5ba6c401e520e.jpg
"무한도전, 정형돈, 무한상사, 화남",싫어하,분노,https://jjalbang.today/files/jjalbox/2016/08/20160815_57b17fe1ccce5.png
"신하균, 화남, 짜증",,분노,https://jjalbang.today/files/jjalbox/2015/04/20150403_551e66cf06645.jpg
"차인표, 화난, 비, 화남",,분노,https://jjalbang.today/files/jjalbox/2015/04/20150403_551e6475118b8.jpg
"김연아, 손가락질",언짢,혐오,https://jjalbang.today/files/jjalbox/2016/08/20160829_57c3bf3c12378.gif
"이승철, 슈퍼스타K","닥치, 그만",혐오,https://jjalbang.today/files/jjalbox/2015/03/90_55169e70ac0f2_2698.gif
서유리,"꺼지, 황당, 놀라",혐오,https://jjalbang.today/files/jjalbox/2020/09/20200919_5f663b08e29bc.jpg
"김태리, 미스터선샤인",황당,혐오,https://jjalbang.today/files/jjalbox/2021/05/20210530_60b3c4a7644a3.gif
충격,"정신없, 깜, 놀라","공포, 놀람",https://jjalbang.today/files/jjalbox/2015/04/20150406_55226843650a3.jpg
만화,"깜, 놀라","공포, 놀람",https://jjalbang.today/files/jjalbox/2015/03/89_55169e3725c87_1575.jpg
"만화, 충격","깜, 놀라","공포, 놀람",https://jjalbang.today/files/jjalbox/2015/04/20150406_552268c00bf41.jpg
"전광렬, 빵, 눈물, 울음",울,슬픔,https://jjalbang.today/files/jjalbox/2015/03/108_55169b71d8459_2801.jpg
"개구리, 눈물","훌쩍, 울",슬픔,https://jjalbang.today/files/jjalbox/2015/10/20151002_560e648cbb896.jpg
"여자, 울음, 눈물, 콧구멍, 분노, 울분, 코구멍",울,슬픔,https://jjalbang.today/files/jjalbox/2015/03/92_5516a33997dea_2658.jpg
"전광렬, 눈물, 오열, 사극, 허준",울,슬픔,https://jjalbang.today/files/jjalbox/2017/12/20171219_5a38fb373d841.jpg
"개구리, 눈물, 웃음, 안습","울, 웃, 슬프",슬픔,https://jjalbang.today/files/jjalbox/2015/11/20151123_5652bac619af8.jpg
"유병재, 안습, 눈물",울,슬픔,https://jjalbang.today/files/jjalbox/2019/01/20190110_5c36f49b6ca19.jpg
"공효진, 전화, 눈물, 아픔, 안습, 여자, 고통",울,슬픔,https://jjalbang.today/files/jjalbox/2018/02/20180208_5a7c0328bddbd.jpg
"개구리, 눈물",울,슬픔,https://jjalbang.today/files/jjalbox/2015/11/20151123_5652ba70dffc3.png
"오징어, 징무룩",못생기,슬픔,https://jjalbang.today/files/jjalbox/2017/12/20171231_5a4882320119b.jpg
"유민상, 오열, 출소, 두부, 맛있는녀석들",,슬픔,https://jjalbang.today/files/jjalbox/2020/09/20200917_5f639a2ada3e7.gif
"전광렬, 우울","슬프, 힘들",슬픔,https://jjalbang.today/files/jjalbox/2020/09/20200911_5f5b4fdf1d7d9.jpg
"조인성, 발리에서 생긴일, 발리에서생긴일, 눈물, 이별, 전화",슬프,슬픔,https://jjalbang.today/files/jjalbox/2021/06/20210610_60c1b4da7971f.gif
"송강호, 눈물, 후회",,"슬픔, 분노",https://jjalbang.today/files/jjalbox/2021/06/20210604_60ba2cdeb3be9.gif
"에비츄, 서러움, 눈물","서글픈, 흑흑, 슬프",슬픔,https://jjalbang.today/files/jjalbox/2021/10/20211019_616ed2e7aaef5.gif
"김태리, 미스터선샤인, 미스터 선샤인, 입틀막, 눈물",울,슬픔,https://jjalbang.today/files/jjalbox/2021/06/20210623_60d2a1612bd3c.jpg
"개슬픔, 안습, 눈물, 한자",개슬프,슬픔,https://jjalbang.today/files/jjalbox/2021/06/20210609_60c062500accd.jpg
"박명수, 웃음, 무한도전",좋,행복,https://jjalbang.today/files/jjalbox/2018/09/20180927_5bac47a60364e.jpg
"북한, 김정은, 박수, 웃음, 축하",,행복,https://jjalbang.today/files/jjalbox/2018/01/20180108_5a523f2a16a84.jpg
"투자, 실패, 비트코인, 주식, 절망, 행복회로",터지,,https://jjalbang.today/files/jjalbox/2017/12/20171215_5a3357594c318.gif
"박명수, 웃음, 무도, 무한도전, 대박",좋,행복,https://jjalbang.today/files/jjalbox/2018/09/20180927_5bac47ea23928.jpg
"퇴사, 회사, 사직서, 사표, 굴레, 속박, 안녕, 이누야샤",,,https://jjalbang.today/files/jjalbox/2020/09/20200911_5f5b54114c9cf.gif
"송강호, 웃음, 배달","즐겁, 뛰",행복,https://jjalbang.today/files/jjalbox/2021/06/20210604_60ba31b70b750.jpg
"개, 강아지, 안습, 우울, 멘붕","개무룩, 시무룩",좌절,https://jjalbang.today/files/jjalbox/2015/04/20150401_551bae348164e.jpg
"주스, 쥬스",,놀람,https://jjalbang.today/files/jjalbox/2016/08/20160824_57bd11d6cba97.gif
"좌절, 포기",지,,https://jjalbang.today/files/jjalbox/2016/08/20160820_57b8206bc370c.png
"개고생, 거지, 안습, 거지꼴",,,https://jjalbang.today/files/jjalbox/2015/04/20150418_55322b711deb5.jpg
"길, 무한도전, 멘탈붕괴, 멘붕, 좌절","망하, 떡락",,https://jjalbang.today/files/jjalbox/2016/08/20160815_57b17d0592305.jpg
"사극, 멘붕, 좌절, 스트레스, 짜증, 두통",답답,중립,https://jjalbang.today/files/jjalbox/2015/03/92_55169b475d46c_2834.jpg
"김혜수, 멘붕, 멘탈붕괴",혼이 나가,,https://jjalbang.today/files/jjalbox/2015/03/92_55169f0a6c924_1856.jpg
"박명수, 무도, 무한도전, 유체이탈, 멘붕, 충격",황당,,https://jjalbang.today/files/jjalbox/2016/09/20160906_57ce9dea2658f.gif
"유재석, 좌절",황당,슬픔,https://jjalbang.today/files/jjalbox/2016/08/20160819_57b6ca6da6448.jpg
"망연자실, 멘붕",황당,슬픔,https://jjalbang.today/files/jjalbox/2016/09/20160902_57c922920b689.jpg
"서장훈, 아는형님, 아는 형님","의미없, 필요없",중립,https://jjalbang.today/files/jjalbox/2017/01/20170111_5875607ad5057.jpg
"멘붕, 멍",,중립,https://jjalbang.today/files/jjalbox/2018/01/20180101_5a49b65ddd9f7.jpg
"피곤, 이불, 개피곤",쓰러지는,,https://jjalbang.today/files/jjalbox/2016/09/20160901_57c79d190e49d.gif
"조인성, 넋, 멘붕, 전화",,,https://jjalbang.today/files/jjalbox/2016/08/20160819_57b6ce6ff1b4f.jpg
"심슨, 아빠, 멘붕, 좌절",,분노,https://jjalbang.today/files/jjalbox/2015/03/92_55169f0535120_1865.jpg
어피치,"시무룩, 힘빠지, 힘 빠지, 슬프",슬픔,https://jjalbang.today/files/jjalbox/2015/03/92_55169b1d66d08_2858.jpg
"짱구, 어이상실, 어이","어이없음, 황당",,https://jjalbang.today/files/jjalbox/2016/08/20160815_57b17d9348a29.jpg
미친년,미치,분노,https://jjalbang.today/files/jjalbox/2015/03/92_55169c127cb3e_2705.gif
"무한도전, 무도, 어록, 원수, 직장, 박명수",만나,,https://jjalbang.today/files/jjalbox/2016/08/20160822_57baa9157ad31.png
"장동건, 놀람, 멘붕","허, 놀라, 깜놀",놀람,https://jjalbang.today/files/jjalbox/2015/03/92_55169f1d4246b_1821.jpg
"사오리, 퇴사, 사표, 사직, 사직서",,,https://jjalbang.today/files/jjalbox/2017/08/20170823_599d1c7995e3d.jpg
"강아지, 개, 시무룩, 좌절",힘빠지,중립,https://jjalbang.today/files/jjalbox/2015/03/92_55169b1caad75_2859.jpg
"변우민, 고생, 거지, 거지꼴","집나가면 개고생, 집나가면개고생",,https://jjalbang.today/files/jjalbox/2015/04/20150418_55322b61acdd7.jpg
"좌절, 손, 얼굴",가리,,https://jjalbang.today/files/jjalbox/2015/03/92_55169f03f2905_1868.jpg
"노답, 답","답답, 없",,https://jjalbang.today/files/jjalbox/2015/06/20150615_557da954ed941.png
"시무룩, 좌절, 미생",힘빠지,슬픔,https://jjalbang.today/files/jjalbox/2015/03/92_55169b1550683_2865.jpg
"박명수, 지침, 한계점",지치,,https://jjalbang.today/files/jjalbox/2015/03/92_55169f000fad7_1876.jpg
"거품, 정신줄, 멘탈","정신혼미, 정신 혼미",,https://jjalbang.today/files/jjalbox/2015/03/92_55169f1da5d3f_1822.jpg
"좌절, 소녀","시무룩, 힘빠지",슬픔,https://jjalbang.today/files/jjalbox/2015/03/92_55169b1ad942f_2861.gif
"정신줄, 입, 침, 멘붕",,,https://jjalbang.today/files/jjalbox/2015/03/92_55169f0221306_1871.jpg
"평온, 멘붕, 멘탈붕괴, 좌절, 개리",,,https://jjalbang.today/files/jjalbox/2015/03/92_55169be741071_2750.jpg
"항암제, 암, 무개념","황당, 미치",,https://jjalbang.today/files/jjalbox/2015/06/20150608_55756f4c26140.jpg
"고양이, 냥, 꼬리",모르,중립,https://jjalbang.today/files/jjalbox/2016/07/20160714_57876f84e4f83.gif
쪽,"뒹굴, 쪽팔리, 부끄럽",,https://jjalbang.today/files/jjalbox/2015/04/20150406_552266cf94981.gif
"팬더, 판다",쓸쓸,,https://jjalbang.today/files/jjalbox/2015/03/92_55169f006d903_1875.jpg
"놀람, 선글라스, 안경","깜놀, 깜짝",놀람,https://jjalbang.today/files/jjalbox/2017/12/20171213_5a30ea98c1d8f.gif
"좌절, 남자",,,https://jjalbang.today/files/jjalbox/2015/03/92_55169f12983ee_1844.jpg
"류현진, 좌절, 투수, 야구, 한화",어이없,,https://jjalbang.today/files/jjalbox/2015/03/92_55169f0d33e26_1851.jpg
"칰칼코마니, 한화, 야구",어이없,,https://jjalbang.today/files/jjalbox/2016/09/20160918_57de126d2cab3.gif
"칭찬, 박수, 차두리, 축구",잘,,https://jjalbang.today/files/jjalbox/2015/03/101_5516a0272f1f9_2131.jpg
"엄지, 축구, 메시, 따봉",,중립,https://jjalbang.today/files/jjalbox/2016/06/20160606_575555ecbdd76.jpg
"엄지, 축구, 박주영, 따봉",,중립,https://jjalbang.today/files/jjalbox/2015/03/101_5516a01ed56d0_2535.jpg
"노잼, 지루, 축구","재미없, 지루, 의미없",,https://jjalbang.today/files/jjalbox/2015/11/20151122_5651be1ccbb2b.gif
"엑스, 끝, 축구","여기까지, 그만",,https://jjalbang.today/files/jjalbox/2015/03/85_55169cb29da6b_1056.jpg
"짜증, 감독, 축구, 화, 화난",,분노,https://jjalbang.today/files/jjalbox/2016/05/20160504_57294016b5bf4.gif
"코, 코딱지, 축구",,중립,https://jjalbang.today/files/jjalbox/2020/09/20200927_5f708aff4e2bf.gif
"김연아, 웃음","흐믓, 즐겁",행복,https://jjalbang.today/files/jjalbox/2015/09/20150916_55f94674648eb.gif
"전광렬, 회식","즐겁, 춤추",,https://jjalbang.today/files/jjalbox/2016/09/20160902_57c928e72bf3d.jpg
"포켓몬스터, 피카추, 꼬부기","춤추, 신나",행복,https://jjalbang.today/files/jjalbox/2017/12/20171231_5a4883dcd3be9.gif
"뻑큐, 박규, 욕, ㅗ",,,https://jjalbang.today/files/jjalbox/2016/07/20160727_5798816c3ffe8.gif
"유재석, 몰입, 저질춤",춤추,,https://jjalbang.today/files/jjalbox/2015/12/20151201_565cc251c7425.gif
"희롱, 엽기, 여자","춤추, 황당",,https://jjalbang.today/files/jjalbox/2018/01/20180118_5a600baeb78be.gif
